{
  "collapse-filter": false,
  "search": "",
  "showTags": false,
  "showAttachments": false,
  "hideUnresolved": false,
  "showOrphans": true,
  "collapse-color-groups": false,
  "colorGroups": [],
  "collapse-display": false,
  "showArrow": true,
  "textFadeMultiplier": 0,
  "nodeSizeMultiplier": 1.29070638020833,
  "lineSizeMultiplier": 1,
  "collapse-forces": false,
  "centerStrength": 0.504324843825084,
  "repelStrength": 12.8844305622297,
  "linkStrength": 1,
  "linkDistance": 250,
  "scale": 1.4812668345136808,
  "close": false
}