{
  "obsidian-folgezettel:add-backlink-to-parent": [
    {
      "modifiers": [
        "Ctrl"
      ],
      "key": "P"
    }
  ],
  "obsidian-folgezettel:create-next-child": [
    {
      "modifiers": [
        "Ctrl"
      ],
      "key": "N"
    }
  ],
  "obsidian-folgezettel:suggest-next-child": [
    {
      "modifiers": [
        "Ctrl"
      ],
      "key": "A"
    }
  ],
  "bidirectional-folgezettel:add-backlink-to-parent": [
    {
      "modifiers": [
        "Alt"
      ],
      "key": "P"
    }
  ],
  "bidirectional-folgezettel:suggest-next-child": [
    {
      "modifiers": [
        "Alt"
      ],
      "key": "A"
    }
  ],
  "bidirectional-folgezettel:create-next-child": [
    {
      "modifiers": [
        "Alt"
      ],
      "key": "C"
    }
  ],
  "emacs-text-editor:capitalize-dwim": []
}