{
  "main": {
    "id": "a96a34eecf29c1e9",
    "type": "split",
    "children": [
      {
        "id": "88e186315ab2376c",
        "type": "tabs",
        "children": [
          {
            "id": "2a3712e5fd3351aa",
            "type": "leaf",
            "state": {
              "type": "markdown",
              "state": {
                "file": "00.0 Index of indices.md",
                "mode": "source",
                "source": false
              },
              "icon": "lucide-file",
              "title": "00.0 Index of indices"
            }
          },
          {
            "id": "e71481e658ce5cb0",
            "type": "leaf",
            "state": {
              "type": "markdown",
              "state": {
                "file": "00.0 Index of indices.md",
                "mode": "source",
                "source": false
              },
              "icon": "lucide-file",
              "title": "00.0 Index of indices"
            }
          },
          {
            "id": "5307e2f546316fa9",
            "type": "leaf",
            "state": {
              "type": "markdown",
              "state": {
                "file": "00.0 Index of indices.md",
                "mode": "source",
                "source": false
              },
              "icon": "lucide-file",
              "title": "00.0 Index of indices"
            }
          },
          {
            "id": "a447070969023561",
            "type": "leaf",
            "state": {
              "type": "markdown",
              "state": {
                "file": "30. Knowledge Management.md",
                "mode": "source",
                "source": false
              },
              "icon": "lucide-file",
              "title": "30. Knowledge Management"
            }
          },
          {
            "id": "5819a9d86e5acbbd",
            "type": "leaf",
            "state": {
              "type": "markdown",
              "state": {
                "file": "30. Knowledge Management.md",
                "mode": "source",
                "source": false
              },
              "icon": "lucide-file",
              "title": "30. Knowledge Management"
            }
          },
          {
            "id": "95eaa570c1d9e23c",
            "type": "leaf",
            "state": {
              "type": "markdown",
              "state": {
                "file": "30. Knowledge Management.md",
                "mode": "source",
                "source": false
              },
              "icon": "lucide-file",
              "title": "30. Knowledge Management"
            }
          },
          {
            "id": "dde38cd66395e7ac",
            "type": "leaf",
            "state": {
              "type": "markdown",
              "state": {
                "file": "30. Knowledge Management.md",
                "mode": "source",
                "source": false
              },
              "icon": "lucide-file",
              "title": "30. Knowledge Management"
            }
          },
          {
            "id": "e3d9162d62b9a52c",
            "type": "leaf",
            "state": {
              "type": "markdown",
              "state": {
                "file": "30.4 PARA Method.md",
                "mode": "source",
                "source": false
              },
              "icon": "lucide-file",
              "title": "30.4 PARA Method"
            }
          },
          {
            "id": "89edc390ba05af1c",
            "type": "leaf",
            "state": {
              "type": "markdown",
              "state": {
                "file": "30.3 Zettelkasten.md",
                "mode": "source",
                "source": false
              },
              "icon": "lucide-file",
              "title": "30.3 Zettelkasten"
            }
          },
          {
            "id": "b13f859d56dbc3c5",
            "type": "leaf",
            "state": {
              "type": "markdown",
              "state": {
                "file": "30.3a Tracking progress.md",
                "mode": "source",
                "source": false
              },
              "icon": "lucide-file",
              "title": "30.3a Tracking progress"
            }
          },
          {
            "id": "480d63c57a42cd5a",
            "type": "leaf",
            "state": {
              "type": "markdown",
              "state": {
                "file": "30.3b Kinds of notes.md",
                "mode": "source",
                "source": false
              },
              "icon": "lucide-file",
              "title": "30.3b Kinds of notes"
            }
          },
          {
            "id": "6cbb072e0f287b14",
            "type": "leaf",
            "state": {
              "type": "markdown",
              "state": {
                "file": "30.3e Zettelkasten Workflows.md",
                "mode": "source",
                "source": false
              },
              "icon": "lucide-file",
              "title": "30.3e Zettelkasten Workflows"
            }
          },
          {
            "id": "6be92589180181ba",
            "type": "leaf",
            "state": {
              "type": "markdown",
              "state": {
                "file": "30.3f Fundamental Rules.md",
                "mode": "source",
                "source": false
              },
              "icon": "lucide-file",
              "title": "30.3f Fundamental Rules"
            }
          },
          {
            "id": "3232312da6ffe4a4",
            "type": "leaf",
            "state": {
              "type": "markdown",
              "state": {
                "file": "30.3h Steps for using a ZK in writing a paper.md",
                "mode": "source",
                "source": false
              },
              "icon": "lucide-file",
              "title": "30.3h Steps for using a ZK in writing a paper"
            }
          },
          {
            "id": "5c5e53863be9ea0f",
            "type": "leaf",
            "state": {
              "type": "markdown",
              "state": {
                "file": "30.3i Zettelkasten and Mindmaps.md",
                "mode": "source",
                "source": false
              },
              "icon": "lucide-file",
              "title": "30.3i Zettelkasten and Mindmaps"
            }
          },
          {
            "id": "0fdd892ba6e7ccd5",
            "type": "leaf",
            "state": {
              "type": "markdown",
              "state": {
                "file": "30.3i Zettelkasten and Mindmaps.md",
                "mode": "source",
                "source": false
              },
              "icon": "lucide-file",
              "title": "30.3i Zettelkasten and Mindmaps"
            }
          },
          {
            "id": "2d71bfc7a0cb70d2",
            "type": "leaf",
            "state": {
              "type": "markdown",
              "state": {
                "file": "30.3l Force-directed graphs.md",
                "mode": "source",
                "source": false
              },
              "icon": "lucide-file",
              "title": "30.3l Force-directed graphs"
            }
          },
          {
            "id": "7deea092e168f8f4",
            "type": "leaf",
            "state": {
              "type": "markdown",
              "state": {
                "file": "30.3m Zettelkasten Indexing.md",
                "mode": "source",
                "source": false
              },
              "icon": "lucide-file",
              "title": "30.3m Zettelkasten Indexing"
            }
          },
          {
            "id": "1c1700d76cfcc7d5",
            "type": "leaf",
            "state": {
              "type": "markdown",
              "state": {
                "file": "30.3n Digital Zettelkasten.md",
                "mode": "source",
                "source": false
              },
              "icon": "lucide-file",
              "title": "30.3n Digital Zettelkasten"
            }
          },
          {
            "id": "bc40b2f831d423b0",
            "type": "leaf",
            "state": {
              "type": "markdown",
              "state": {
                "file": "30.3o Paper-based Zettelkasten.md",
                "mode": "source",
                "source": false
              },
              "icon": "lucide-file",
              "title": "30.3o Paper-based Zettelkasten"
            }
          },
          {
            "id": "95bc3d7c09f1182d",
            "type": "leaf",
            "state": {
              "type": "markdown",
              "state": {
                "file": "30.3p Hybrid Zettelkasten.md",
                "mode": "source",
                "source": false
              },
              "icon": "lucide-file",
              "title": "30.3p Hybrid Zettelkasten"
            }
          },
          {
            "id": "55d01f8e2e39bc1b",
            "type": "leaf",
            "state": {
              "type": "markdown",
              "state": {
                "file": "30.3r AI-enhanced Zettelkasten.md",
                "mode": "source",
                "source": false
              },
              "icon": "lucide-file",
              "title": "30.3r AI-enhanced Zettelkasten"
            }
          },
          {
            "id": "22a4ec9a57687eba",
            "type": "leaf",
            "state": {
              "type": "markdown",
              "state": {
                "file": "30.3m Zettelkasten Indexing.md",
                "mode": "source",
                "source": false
              },
              "icon": "lucide-file",
              "title": "30.3m Zettelkasten Indexing"
            }
          },
          {
            "id": "b03b9a4b8be2784f",
            "type": "leaf",
            "state": {
              "type": "markdown",
              "state": {
                "file": "30.3m1 Luhmann indexing.md",
                "mode": "source",
                "source": false
              },
              "icon": "lucide-file",
              "title": "30.3m1 Luhmann indexing"
            }
          },
          {
            "id": "dcf6d1f4f7d89620",
            "type": "leaf",
            "state": {
              "type": "markdown",
              "state": {
                "file": "30.3m2 Folgezettel Indexing.md",
                "mode": "source",
                "source": false
              },
              "icon": "lucide-file",
              "title": "30.3m2 Folgezettel Indexing"
            }
          },
          {
            "id": "5ef797e667e53bee",
            "type": "leaf",
            "state": {
              "type": "markdown",
              "state": {
                "file": "30.3 Zettelkasten.md",
                "mode": "source",
                "source": false
              },
              "icon": "lucide-file",
              "title": "30.3 Zettelkasten"
            }
          },
          {
            "id": "d1ad9d4687e7d96f",
            "type": "leaf",
            "state": {
              "type": "markdown",
              "state": {
                "file": "30.3d The \"related\" field in BibTeX.md",
                "mode": "source",
                "source": false
              },
              "icon": "lucide-file",
              "title": "30.3d The \"related\" field in BibTeX"
            }
          },
          {
            "id": "672b35967573c4d7",
            "type": "leaf",
            "state": {
              "type": "markdown",
              "state": {
                "file": "30.3q My interpretation of the paper-based ZK.md",
                "mode": "source",
                "source": false
              },
              "icon": "lucide-file",
              "title": "30.3q My interpretation of the paper-based ZK"
            }
          },
          {
            "id": "a23905732833b762",
            "type": "leaf",
            "state": {
              "type": "markdown",
              "state": {
                "file": "30.3 Zettelkasten.md",
                "mode": "source",
                "source": false
              },
              "icon": "lucide-file",
              "title": "30.3 Zettelkasten"
            }
          },
          {
            "id": "e4f9fb757797eae3",
            "type": "leaf",
            "state": {
              "type": "markdown",
              "state": {
                "file": "30.3i Zettelkasten and Mindmaps.md",
                "mode": "source",
                "source": false
              },
              "icon": "lucide-file",
              "title": "30.3i Zettelkasten and Mindmaps"
            }
          },
          {
            "id": "f19933d589ffcf76",
            "type": "leaf",
            "state": {
              "type": "markdown",
              "state": {
                "file": "30.3i Zettelkasten and Mindmaps.md",
                "mode": "source",
                "source": false
              },
              "icon": "lucide-file",
              "title": "30.3i Zettelkasten and Mindmaps"
            }
          }
        ],
        "currentTab": 30
      }
    ],
    "direction": "vertical"
  },
  "left": {
    "id": "01030dc4c23ef547",
    "type": "split",
    "children": [
      {
        "id": "0576ee75e20164b3",
        "type": "tabs",
        "children": [
          {
            "id": "63b9312a75a6d448",
            "type": "leaf",
            "state": {
              "type": "file-explorer",
              "state": {
                "sortOrder": "alphabetical",
                "autoReveal": false
              },
              "icon": "lucide-folder-closed",
              "title": "Files"
            }
          },
          {
            "id": "181ce4f07ef66661",
            "type": "leaf",
            "state": {
              "type": "search",
              "state": {
                "query": "",
                "matchingCase": false,
                "explainSearch": false,
                "collapseAll": false,
                "extraContext": false,
                "sortOrder": "alphabetical"
              },
              "icon": "lucide-search",
              "title": "Search"
            }
          },
          {
            "id": "2a0b759843f84b37",
            "type": "leaf",
            "state": {
              "type": "bookmarks",
              "state": {},
              "icon": "lucide-bookmark",
              "title": "Bookmarks"
            }
          }
        ]
      }
    ],
    "direction": "horizontal",
    "width": 300
  },
  "right": {
    "id": "b284b0267a2eaf77",
    "type": "split",
    "children": [
      {
        "id": "ae21cd168e85818c",
        "type": "tabs",
        "children": [
          {
            "id": "5d30e77cb3ac882e",
            "type": "leaf",
            "state": {
              "type": "backlink",
              "state": {
                "file": "30.3i Zettelkasten and Mindmaps.md",
                "collapseAll": false,
                "extraContext": false,
                "sortOrder": "alphabetical",
                "showSearch": false,
                "searchQuery": "",
                "backlinkCollapsed": false,
                "unlinkedCollapsed": true
              },
              "icon": "links-coming-in",
              "title": "Backlinks for 30.3i Zettelkasten and Mindmaps"
            }
          },
          {
            "id": "02b10054cf534f6b",
            "type": "leaf",
            "state": {
              "type": "outgoing-link",
              "state": {
                "file": "30.3i Zettelkasten and Mindmaps.md",
                "linksCollapsed": false,
                "unlinkedCollapsed": true
              },
              "icon": "links-going-out",
              "title": "Outgoing links from 30.3i Zettelkasten and Mindmaps"
            }
          },
          {
            "id": "5694d725699276d3",
            "type": "leaf",
            "state": {
              "type": "tag",
              "state": {
                "sortOrder": "frequency",
                "useHierarchy": true,
                "showSearch": false,
                "searchQuery": ""
              },
              "icon": "lucide-tags",
              "title": "Tags"
            }
          },
          {
            "id": "d2bae22aed315151",
            "type": "leaf",
            "state": {
              "type": "all-properties",
              "state": {
                "sortOrder": "frequency",
                "showSearch": false,
                "searchQuery": ""
              },
              "icon": "lucide-archive",
              "title": "All properties"
            }
          },
          {
            "id": "5d0aeae6b3c4c35a",
            "type": "leaf",
            "state": {
              "type": "outline",
              "state": {
                "file": "30.3i Zettelkasten and Mindmaps.md",
                "followCursor": false,
                "showSearch": false,
                "searchQuery": ""
              },
              "icon": "lucide-list",
              "title": "Outline of 30.3i Zettelkasten and Mindmaps"
            }
          }
        ]
      }
    ],
    "direction": "horizontal",
    "width": 325.5
  },
  "left-ribbon": {
    "hiddenItems": {
      "switcher:Open quick switcher": false,
      "graph:Open graph view": false,
      "canvas:Create new canvas": false,
      "daily-notes:Open today's daily note": false,
      "templates:Insert template": false,
      "command-palette:Open command palette": false,
      "bases:Create new base": false
    }
  },
  "active": "f19933d589ffcf76",
  "lastOpenFiles": [
    "30.3f Fundamental Rules.md",
    "30.3m2 Folgezettel Indexing.md",
    "30.3p Hybrid Zettelkasten.md",
    "30.3s Disadvantages of Digital Zettelkasten.md",
    "30.3 Zettelkasten.md",
    "30.3r AI-enhanced Zettelkasten.md",
    "30.3c Not Used Yet.md",
    "30.3i Zettelkasten and Mindmaps.md",
    "Untitled 1",
    "30.3b Kinds of notes.md",
    "30.3a Tracking progress.md",
    "30. Knowledge Management.md",
    "30.1 Mindmapping.md",
    "30.3t Disadvantages of paper-based ZK.md",
    "30.3q My interpretation of the paper-based ZK.md",
    "Untitled",
    "30.3d The \"related\" field in BibTeX.md",
    "30 Knowledge Management.md",
    "30.3m Zettelkasten Indexing.md",
    "30.3m3 Scheper Indexing.md",
    "30.2 Writing Workflow.md",
    "30.3e Zettelkasten Workflows.md",
    "30.3h Steps for using a ZK in writing a paper.md",
    "30.3j Zettelkasten-related websites.md",
    "30.3l Force-directed graphs.md",
    "30.3m1 Luhmann indexing.md",
    "30.3s Disadvan.md",
    "30.3o Paper-based Zettelkasten.md"
  ]
}