{
  "main": {
    "id": "a96a34eecf29c1e9",
    "type": "split",
    "children": [
      {
        "id": "88e186315ab2376c",
        "type": "tabs",
        "children": [
          {
            "id": "2a3712e5fd3351aa",
            "type": "leaf",
            "state": {
              "type": "markdown",
              "state": {
                "file": "00.0 Index of indices.md",
                "mode": "source",
                "source": false
              },
              "icon": "lucide-file",
              "title": "00.0 Index of indices"
            }
          },
          {
            "id": "e71481e658ce5cb0",
            "type": "leaf",
            "state": {
              "type": "markdown",
              "state": {
                "file": "00.0 Index of indices.md",
                "mode": "source",
                "source": false
              },
              "icon": "lucide-file",
              "title": "00.0 Index of indices"
            }
          },
          {
            "id": "5307e2f546316fa9",
            "type": "leaf",
            "state": {
              "type": "markdown",
              "state": {
                "file": "00.0 Index of indices.md",
                "mode": "source",
                "source": false
              },
              "icon": "lucide-file",
              "title": "00.0 Index of indices"
            }
          },
          {
            "id": "a447070969023561",
            "type": "leaf",
            "state": {
              "type": "markdown",
              "state": {
                "file": "30. Knowledge Management.md",
                "mode": "source",
                "source": false
              },
              "icon": "lucide-file",
              "title": "30. Knowledge Management"
            }
          },
          {
            "id": "5819a9d86e5acbbd",
            "type": "leaf",
            "state": {
              "type": "markdown",
              "state": {
                "file": "30. Knowledge Management.md",
                "mode": "source",
                "source": false
              },
              "icon": "lucide-file",
              "title": "30. Knowledge Management"
            }
          },
          {
            "id": "95eaa570c1d9e23c",
            "type": "leaf",
            "state": {
              "type": "markdown",
              "state": {
                "file": "30. Knowledge Management.md",
                "mode": "source",
                "source": false
              },
              "icon": "lucide-file",
              "title": "30. Knowledge Management"
            }
          },
          {
            "id": "dde38cd66395e7ac",
            "type": "leaf",
            "state": {
              "type": "markdown",
              "state": {
                "file": "30. Knowledge Management.md",
                "mode": "source",
                "source": false
              },
              "icon": "lucide-file",
              "title": "30. Knowledge Management"
            }
          },
          {
            "id": "e3d9162d62b9a52c",
            "type": "leaf",
            "state": {
              "type": "markdown",
              "state": {
                "file": "30.4 PARA Method.md",
                "mode": "source",
                "source": false
              },
              "icon": "lucide-file",
              "title": "30.4 PARA Method"
            }
          },
          {
            "id": "89edc390ba05af1c",
            "type": "leaf",
            "state": {
              "type": "markdown",
              "state": {
                "file": "30.3 Zettelkasten.md",
                "mode": "source",
                "source": false
              },
              "icon": "lucide-file",
              "title": "30.3 Zettelkasten"
            }
          },
          {
            "id": "b13f859d56dbc3c5",
            "type": "leaf",
            "state": {
              "type": "markdown",
              "state": {
                "file": "30.3a Tracking progress.md",
                "mode": "source",
                "source": false
              },
              "icon": "lucide-file",
              "title": "30.3a Tracking progress"
            }
          },
          {
            "id": "480d63c57a42cd5a",
            "type": "leaf",
            "state": {
              "type": "markdown",
              "state": {
                "file": "30.3b Kinds of notes.md",
                "mode": "source",
                "source": false
              },
              "icon": "lucide-file",
              "title": "30.3b Kinds of notes"
            }
          },
          {
            "id": "6cbb072e0f287b14",
            "type": "leaf",
            "state": {
              "type": "markdown",
              "state": {
                "file": "30.3e Zettelkasten Workflows.md",
                "mode": "source",
                "source": false
              },
              "icon": "lucide-file",
              "title": "30.3e Zettelkasten Workflows"
            }
          },
          {
            "id": "6be92589180181ba",
            "type": "leaf",
            "state": {
              "type": "markdown",
              "state": {
                "file": "30.3f Fundamental Rules.md",
                "mode": "source",
                "source": false
              },
              "icon": "lucide-file",
              "title": "30.3f Fundamental Rules"
            }
          },
          {
            "id": "3232312da6ffe4a4",
            "type": "leaf",
            "state": {
              "type": "markdown",
              "state": {
                "file": "30.3h Steps for using a ZK in writing a paper.md",
                "mode": "source",
                "source": false
              },
              "icon": "lucide-file",
              "title": "30.3h Steps for using a ZK in writing a paper"
            }
          },
          {
            "id": "5c5e53863be9ea0f",
            "type": "leaf",
            "state": {
              "type": "markdown",
              "state": {
                "file": "30.3i Zettelkasten and Mindmaps.md",
                "mode": "source",
                "source": false
              },
              "icon": "lucide-file",
              "title": "30.3i Zettelkasten and Mindmaps"
            }
          },
          {
            "id": "0fdd892ba6e7ccd5",
            "type": "leaf",
            "state": {
              "type": "markdown",
              "state": {
                "file": "30.3i Zettelkasten and Mindmaps.md",
                "mode": "source",
                "source": false
              },
              "icon": "lucide-file",
              "title": "30.3i Zettelkasten and Mindmaps"
            }
          },
          {
            "id": "2d71bfc7a0cb70d2",
            "type": "leaf",
            "state": {
              "type": "markdown",
              "state": {
                "file": "30.3l Force-directed graphs.md",
                "mode": "source",
                "source": false
              },
              "icon": "lucide-file",
              "title": "30.3l Force-directed graphs"
            }
          },
          {
            "id": "7deea092e168f8f4",
            "type": "leaf",
            "state": {
              "type": "markdown",
              "state": {
                "file": "30.3m Zettelkasten Indexing.md",
                "mode": "source",
                "source": false
              },
              "icon": "lucide-file",
              "title": "30.3m Zettelkasten Indexing"
            }
          },
          {
            "id": "1c1700d76cfcc7d5",
            "type": "leaf",
            "state": {
              "type": "markdown",
              "state": {
                "file": "30.3n Digital Zettelkasten.md",
                "mode": "source",
                "source": false
              },
              "icon": "lucide-file",
              "title": "30.3n Digital Zettelkasten"
            }
          },
          {
            "id": "bc40b2f831d423b0",
            "type": "leaf",
            "state": {
              "type": "markdown",
              "state": {
                "file": "30.3o Paper-based Zettelkasten.md",
                "mode": "source",
                "source": false
              },
              "icon": "lucide-file",
              "title": "30.3o Paper-based Zettelkasten"
            }
          },
          {
            "id": "95bc3d7c09f1182d",
            "type": "leaf",
            "state": {
              "type": "markdown",
              "state": {
                "file": "30.3p Hybrid Zettelkasten.md",
                "mode": "source",
                "source": false
              },
              "icon": "lucide-file",
              "title": "30.3p Hybrid Zettelkasten"
            }
          },
          {
            "id": "55d01f8e2e39bc1b",
            "type": "leaf",
            "state": {
              "type": "markdown",
              "state": {
                "file": "30.3r AI-enhanced Zettelkasten.md",
                "mode": "source",
                "source": false
              },
              "icon": "lucide-file",
              "title": "30.3r AI-enhanced Zettelkasten"
            }
          },
          {
            "id": "22a4ec9a57687eba",
            "type": "leaf",
            "state": {
              "type": "markdown",
              "state": {
                "file": "30.3m Zettelkasten Indexing.md",
                "mode": "source",
                "source": false
              },
              "icon": "lucide-file",
              "title": "30.3m Zettelkasten Indexing"
            }
          },
          {
            "id": "b03b9a4b8be2784f",
            "type": "leaf",
            "state": {
              "type": "markdown",
              "state": {
                "file": "30.3m1 Luhmann indexing.md",
                "mode": "source",
                "source": false
              },
              "icon": "lucide-file",
              "title": "30.3m1 Luhmann indexing"
            }
          },
          {
            "id": "c17d5c0f47a75115",
            "type": "leaf",
            "state": {
              "type": "canvas",
              "state": {
                "file": "000BlainesObsidianTutorial.canvas",
                "viewState": {
                  "x": -2360,
                  "y": -1060.6994926076027,
                  "zoom": -2.422480482464406
                }
              },
              "icon": "lucide-layout-dashboard",
              "title": "000BlainesObsidianTutorial"
            }
          },
          {
            "id": "5ef797e667e53bee",
            "type": "leaf",
            "state": {
              "type": "markdown",
              "state": {
                "file": "30.3 Zettelkasten.md",
                "mode": "source",
                "source": false
              },
              "icon": "lucide-file",
              "title": "30.3 Zettelkasten"
            }
          },
          {
            "id": "d1ad9d4687e7d96f",
            "type": "leaf",
            "state": {
              "type": "markdown",
              "state": {
                "file": "30.3d The \"related\" field in BibTeX.md",
                "mode": "source",
                "source": false
              },
              "icon": "lucide-file",
              "title": "30.3d The \"related\" field in BibTeX"
            }
          },
          {
            "id": "672b35967573c4d7",
            "type": "leaf",
            "state": {
              "type": "markdown",
              "state": {
                "file": "30.3q My interpretation of the paper-based ZK.md",
                "mode": "source",
                "source": false
              },
              "icon": "lucide-file",
              "title": "30.3q My interpretation of the paper-based ZK"
            }
          },
          {
            "id": "a23905732833b762",
            "type": "leaf",
            "state": {
              "type": "markdown",
              "state": {
                "file": "30.3 Zettelkasten.md",
                "mode": "source",
                "source": false
              },
              "icon": "lucide-file",
              "title": "30.3 Zettelkasten"
            }
          },
          {
            "id": "e4f9fb757797eae3",
            "type": "leaf",
            "state": {
              "type": "markdown",
              "state": {
                "file": "30.3i Zettelkasten and Mindmaps.md",
                "mode": "source",
                "source": false
              },
              "icon": "lucide-file",
              "title": "30.3i Zettelkasten and Mindmaps"
            }
          },
          {
            "id": "f19933d589ffcf76",
            "type": "leaf",
            "state": {
              "type": "markdown",
              "state": {
                "file": "30.3m1 Luhmann indexing.md",
                "mode": "source",
                "source": false,
                "backlinks": true,
                "backlinkOpts": {
                  "collapseAll": false,
                  "extraContext": false,
                  "sortOrder": "alphabetical",
                  "showSearch": false,
                  "searchQuery": "",
                  "backlinkCollapsed": false,
                  "unlinkedCollapsed": true
                }
              },
              "icon": "lucide-file",
              "title": "30.3m1 Luhmann indexing"
            }
          },
          {
            "id": "d6220c795f67a1d1",
            "type": "leaf",
            "state": {
              "type": "markdown",
              "state": {
                "file": "30.3o Paper-based Zettelkasten.md",
                "mode": "source",
                "source": false
              },
              "icon": "lucide-file",
              "title": "30.3o Paper-based Zettelkasten"
            }
          },
          {
            "id": "2c0dab90d917cbf1",
            "type": "leaf",
            "state": {
              "type": "markdown",
              "state": {
                "file": "30.3o Paper-based Zettelkasten.md",
                "mode": "source",
                "source": false
              },
              "icon": "lucide-file",
              "title": "30.3o Paper-based Zettelkasten"
            }
          },
          {
            "id": "f07f85fce677c321",
            "type": "leaf",
            "state": {
              "type": "markdown",
              "state": {
                "file": "30.3o Paper-based Zettelkasten.md",
                "mode": "source",
                "source": false
              },
              "icon": "lucide-file",
              "title": "30.3o Paper-based Zettelkasten"
            }
          },
          {
            "id": "6cabdc35bc75e821",
            "type": "leaf",
            "state": {
              "type": "markdown",
              "state": {
                "file": "30.3o3 Note storage considerations.md",
                "mode": "source",
                "source": false
              },
              "icon": "lucide-file",
              "title": "30.3o3 Note storage considerations"
            }
          },
          {
            "id": "fd1c3518e1a0494c",
            "type": "leaf",
            "state": {
              "type": "markdown",
              "state": {
                "file": "30.3o3 Note storage considerations.md",
                "mode": "source",
                "source": false
              },
              "icon": "lucide-file",
              "title": "30.3o3 Note storage considerations"
            }
          },
          {
            "id": "787cbb7e7eaba172",
            "type": "leaf",
            "state": {
              "type": "markdown",
              "state": {
                "file": "30.3u1d Manual links.md",
                "mode": "source",
                "source": false,
                "backlinks": true,
                "backlinkOpts": {
                  "collapseAll": false,
                  "extraContext": false,
                  "sortOrder": "alphabetical",
                  "showSearch": false,
                  "searchQuery": "",
                  "backlinkCollapsed": false,
                  "unlinkedCollapsed": true
                }
              },
              "icon": "lucide-file",
              "title": "30.3u1d Manual links"
            }
          },
          {
            "id": "f3fadf4c19b2f3f9",
            "type": "leaf",
            "state": {
              "type": "markdown",
              "state": {
                "file": "30.3u1k Hotkeys for bidirectional-folgezettel.md",
                "mode": "source",
                "source": false,
                "backlinks": true,
                "backlinkOpts": {
                  "collapseAll": false,
                  "extraContext": false,
                  "sortOrder": "alphabetical",
                  "showSearch": false,
                  "searchQuery": "",
                  "backlinkCollapsed": false,
                  "unlinkedCollapsed": true
                }
              },
              "icon": "lucide-file",
              "title": "30.3u1k Hotkeys for bidirectional-folgezettel"
            }
          },
          {
            "id": "a3efcdc56b5143ff",
            "type": "leaf",
            "state": {
              "type": "markdown",
              "state": {
                "file": "30.3u1n2 Smart Connections Videos.md",
                "mode": "source",
                "source": false,
                "backlinks": true,
                "backlinkOpts": {
                  "collapseAll": false,
                  "extraContext": false,
                  "sortOrder": "alphabetical",
                  "showSearch": false,
                  "searchQuery": "",
                  "backlinkCollapsed": false,
                  "unlinkedCollapsed": true
                }
              },
              "icon": "lucide-file",
              "title": "30.3u1n2 Smart Connections Videos"
            }
          },
          {
            "id": "2910d389e598969f",
            "type": "leaf",
            "state": {
              "type": "markdown",
              "state": {
                "file": "Untitled.md",
                "mode": "source",
                "source": false,
                "backlinks": true,
                "backlinkOpts": {
                  "collapseAll": false,
                  "extraContext": false,
                  "sortOrder": "alphabetical",
                  "showSearch": false,
                  "searchQuery": "",
                  "backlinkCollapsed": false,
                  "unlinkedCollapsed": true
                }
              },
              "icon": "lucide-file",
              "title": "Untitled"
            }
          },
          {
            "id": "698546f36ae1f32d",
            "type": "leaf",
            "state": {
              "type": "markdown",
              "state": {
                "file": "30.3u1h Core Plugins.md",
                "mode": "source",
                "source": false,
                "backlinks": true,
                "backlinkOpts": {
                  "collapseAll": false,
                  "extraContext": false,
                  "sortOrder": "alphabetical",
                  "showSearch": false,
                  "searchQuery": "",
                  "backlinkCollapsed": false,
                  "unlinkedCollapsed": true
                }
              },
              "icon": "lucide-file",
              "title": "30.3u1h Core Plugins"
            }
          },
          {
            "id": "72b4fa72155e15ef",
            "type": "leaf",
            "state": {
              "type": "canvas",
              "state": {
                "file": "000BlainesObsidianTutorial.canvas",
                "viewState": {
                  "x": -2840,
                  "y": -1120,
                  "zoom": 1
                }
              },
              "icon": "lucide-layout-dashboard",
              "title": "000BlainesObsidianTutorial"
            }
          },
          {
            "id": "8c74e6cea76eddd8",
            "type": "leaf",
            "state": {
              "type": "markdown",
              "state": {
                "file": "30.3u1c Creating new node.md",
                "mode": "source",
                "source": false,
                "backlinks": true,
                "backlinkOpts": {
                  "collapseAll": false,
                  "extraContext": false,
                  "sortOrder": "alphabetical",
                  "showSearch": false,
                  "searchQuery": "",
                  "backlinkCollapsed": false,
                  "unlinkedCollapsed": true
                }
              },
              "icon": "lucide-file",
              "title": "30.3u1c Creating new node"
            }
          },
          {
            "id": "09d27c0e47421df6",
            "type": "leaf",
            "state": {
              "type": "markdown",
              "state": {
                "file": "30.3u1c Creating new node.md",
                "mode": "source",
                "source": false,
                "backlinks": true,
                "backlinkOpts": {
                  "collapseAll": false,
                  "extraContext": false,
                  "sortOrder": "alphabetical",
                  "showSearch": false,
                  "searchQuery": "",
                  "backlinkCollapsed": false,
                  "unlinkedCollapsed": true
                }
              },
              "icon": "lucide-file",
              "title": "30.3u1c Creating new node"
            }
          },
          {
            "id": "76196bd11a62845b",
            "type": "leaf",
            "state": {
              "type": "markdown",
              "state": {
                "file": "30.3u1c Creating new node.md",
                "mode": "source",
                "source": false,
                "backlinks": true,
                "backlinkOpts": {
                  "collapseAll": false,
                  "extraContext": false,
                  "sortOrder": "alphabetical",
                  "showSearch": false,
                  "searchQuery": "",
                  "backlinkCollapsed": false,
                  "unlinkedCollapsed": true
                }
              },
              "icon": "lucide-file",
              "title": "30.3u1c Creating new node"
            }
          },
          {
            "id": "7a8a997b89d4d9ef",
            "type": "leaf",
            "state": {
              "type": "markdown",
              "state": {
                "file": "30.3a Tracking progress.md",
                "mode": "source",
                "source": false,
                "backlinks": true,
                "backlinkOpts": {
                  "collapseAll": false,
                  "extraContext": false,
                  "sortOrder": "alphabetical",
                  "showSearch": false,
                  "searchQuery": "",
                  "backlinkCollapsed": false,
                  "unlinkedCollapsed": true
                }
              },
              "icon": "lucide-file",
              "title": "30.3a Tracking progress"
            }
          },
          {
            "id": "113860a1ff5bc04c",
            "type": "leaf",
            "state": {
              "type": "markdown",
              "state": {
                "file": "30.3b Kinds of notes.md",
                "mode": "source",
                "source": false,
                "backlinks": true,
                "backlinkOpts": {
                  "collapseAll": false,
                  "extraContext": false,
                  "sortOrder": "alphabetical",
                  "showSearch": false,
                  "searchQuery": "",
                  "backlinkCollapsed": false,
                  "unlinkedCollapsed": true
                }
              },
              "icon": "lucide-file",
              "title": "30.3b Kinds of notes"
            }
          },
          {
            "id": "bea763823e71d3a3",
            "type": "leaf",
            "state": {
              "type": "markdown",
              "state": {
                "file": "30.3u1k Hotkeys for obsidian-folgezettel.md",
                "mode": "source",
                "source": false,
                "backlinks": true,
                "backlinkOpts": {
                  "collapseAll": false,
                  "extraContext": false,
                  "sortOrder": "alphabetical",
                  "showSearch": false,
                  "searchQuery": "",
                  "backlinkCollapsed": false,
                  "unlinkedCollapsed": true
                }
              },
              "icon": "lucide-file",
              "title": "30.3u1k Hotkeys for obsidian-folgezettel"
            }
          }
        ],
        "currentTab": 46
      }
    ],
    "direction": "vertical"
  },
  "left": {
    "id": "01030dc4c23ef547",
    "type": "split",
    "children": [
      {
        "id": "0576ee75e20164b3",
        "type": "tabs",
        "children": [
          {
            "id": "63b9312a75a6d448",
            "type": "leaf",
            "state": {
              "type": "file-explorer",
              "state": {
                "sortOrder": "alphabetical",
                "autoReveal": false
              },
              "icon": "lucide-folder-closed",
              "title": "Files"
            }
          },
          {
            "id": "181ce4f07ef66661",
            "type": "leaf",
            "state": {
              "type": "search",
              "state": {
                "query": " ",
                "matchingCase": false,
                "explainSearch": false,
                "collapseAll": false,
                "extraContext": false,
                "sortOrder": "alphabetical"
              },
              "icon": "lucide-search",
              "title": "Search"
            }
          },
          {
            "id": "2a0b759843f84b37",
            "type": "leaf",
            "state": {
              "type": "bookmarks",
              "state": {},
              "icon": "lucide-bookmark",
              "title": "Bookmarks"
            }
          }
        ]
      }
    ],
    "direction": "horizontal",
    "width": 428.5004348754883
  },
  "right": {
    "id": "b284b0267a2eaf77",
    "type": "split",
    "children": [
      {
        "id": "ae21cd168e85818c",
        "type": "tabs",
        "children": [
          {
            "id": "5d30e77cb3ac882e",
            "type": "leaf",
            "state": {
              "type": "backlink",
              "state": {
                "file": "000BlainesObsidianTutorial.canvas",
                "collapseAll": false,
                "extraContext": false,
                "sortOrder": "alphabetical",
                "showSearch": false,
                "searchQuery": "",
                "backlinkCollapsed": false,
                "unlinkedCollapsed": true
              },
              "icon": "links-coming-in",
              "title": "Backlinks for 000BlainesObsidianTutorial"
            }
          },
          {
            "id": "02b10054cf534f6b",
            "type": "leaf",
            "state": {
              "type": "outgoing-link",
              "state": {
                "file": "30.3i Zettelkasten and Mindmaps.md",
                "linksCollapsed": false,
                "unlinkedCollapsed": true
              },
              "icon": "links-going-out",
              "title": "Outgoing links from 30.3i Zettelkasten and Mindmaps"
            }
          },
          {
            "id": "5694d725699276d3",
            "type": "leaf",
            "state": {
              "type": "tag",
              "state": {
                "sortOrder": "frequency",
                "useHierarchy": true,
                "showSearch": false,
                "searchQuery": ""
              },
              "icon": "lucide-tags",
              "title": "Tags"
            }
          },
          {
            "id": "5d0aeae6b3c4c35a",
            "type": "leaf",
            "state": {
              "type": "outline",
              "state": {
                "file": "30.3i Zettelkasten and Mindmaps.md",
                "followCursor": false,
                "showSearch": false,
                "searchQuery": ""
              },
              "icon": "lucide-list",
              "title": "Outline of 30.3i Zettelkasten and Mindmaps"
            }
          },
          {
            "id": "6947f1be2749fa78",
            "type": "leaf",
            "state": {
              "type": "smart-connections-view",
              "state": {},
              "icon": "smart-connections",
              "title": "Connections"
            }
          },
          {
            "id": "ee647b84a69e8c3f",
            "type": "leaf",
            "state": {
              "type": "smart-lookup-view",
              "state": {},
              "icon": "smart-lookup",
              "title": "Lookup"
            }
          }
        ],
        "currentTab": 5
      }
    ],
    "direction": "horizontal",
    "width": 200,
    "collapsed": true
  },
  "left-ribbon": {
    "hiddenItems": {
      "graph:Open graph view": false,
      "canvas:Create new canvas": false,
      "templates:Insert template": false,
      "command-palette:Open command palette": false,
      "bases:Create new base": false,
      "bidirectional-folgezettel:Folgezettel: Add parent link": false,
      "smart-connections:Smart Connections: Open connections view": false,
      "smart-connections:Smart Lookup: Open lookup view": false,
      "smart-connections:Smart Connections: Open random connection": false
    }
  },
  "active": "113860a1ff5bc04c",
  "lastOpenFiles": [
    "30.3b7 test.md",
    "30.3b Kinds of notes.md",
    "30.3b6 Structure.md",
    "30. Knowledge Management.md",
    "Untitled 1.md",
    "Untitled.md",
    "24. Computational Notebooks.md",
    "23. Literate Programming.md",
    "30.1 Mindmapping.md",
    "30.2 Writing-log Centered Workflow.md",
    "30.3 Zettelkasten.md",
    "30.3a Zettelkasten vs Traditional Note Taking.md",
    "30.3b1 Fleeting Note.md",
    "30.3b2 Literature or Reference Note.md",
    "30.3b3 Atomic Note.md",
    "30.3b4 Hub Note.md",
    "30.3b5 Keyword Note.md",
    "30.3c  Productivity metrics.md",
    "30.3e AI-assisted Zettelkasten Workflows.md",
    "30.3f Limitations of using AI.md",
    "30.3h Two Fundamental Rules.md",
    "30.3i Zettelkasten and Mindmaps.md",
    "30.3j Zettelkasten-related websites.md",
    "30.3m Zettelkasten Indexing.md",
    "30.3m1 Luhmann indexing.md",
    "30.3m2 Folgezettel Indexing.md",
    "writingProcessUpdated.png",
    "Obsidian_zettel-to-refman.png",
    "fleeting2mainNote.png",
    "referenceNote.png",
    "000BlainesObsidianTutorial.canvas",
    "Untitled.canvas",
    "BlainesSecondCanvas.canvas",
    "SmartConnectionsVideo.png",
    "SmartConnectionsVideo 1.png",
    "newVault 1.png",
    "newVault.png",
    "VaultSelection.png",
    "Zettelkasteniuqopd.pdf",
    "zettelBranching.png",
    "Untitled 1.canvas",
    "Untitled 2.canvas",
    "Untitled.base",
    "Untitled",
    "30.3u1a Installation"
  ]
}